{"current":{"bg_announcement_bar_color":"#030303","color_announcement_bar_text":"#f1f2f3","bg_top_bar_color":"#ffffff","color_brand_link":"#0069cc","color_top_bar_text":"#030303","color_top_bar_link":"#030303","color_top_bar_link_hover":"#0069cc","bg_header_color":"#ffffff","color_header_text":"#030303","color_main_menu_link":"#030303","color_main_menu_link_hover":"#0069cc","color_header_line":"#f1f2f3","bg_content_color":"#ffffff","color_content_heading":"#030303","color_content_text":"#303030","color_content_text_light":"#696969","color_content_link":"#030303","color_content_link_hover":"#0069cc","color_content_line":"#eaeaea","bg_footer_content_color":"#f1f2f3","color_footer_content_heading":"#030303","color_footer_content_text":"#303030","color_footer_content_text_light":"#909090","color_footer_content_link":"#606060","color_footer_content_link_hover":"#0069cc","color_footer_content_line":"#e1e2e3","bg_footer_color":"#030303","color_footer_text":"#f1f2f3","color_footer_link":"#f1f2f3","color_footer_link_hover":"#0069cc","bg_content_button":"#36b913","color_content_button_text":"#ffffff","bg_content_button_hover":"#030303","color_content_button_text_hover":"#f3f3f3","bg_sale_sticker_color":"#030303","color_sale_sticker":"#ffffff","sticky_cart_background":"#ffffff","sticky_cart_text":"#303030","typo_brand_font":"tenor_sans_n4","typo_brand_font_size":24,"typo_main_menu_font":"neuzeit_s_n4","typo_main_menu_font_size":14,"typo_main_menu_dropdown_font_size":14,"typo_primary_font":"neuzeit_s_n4","typo_primary_font_size":14,"typo_primary_line_height":"1.5","typo_heading_font":"tenor_sans_n4","sidebar_side":"right","sidebar_show_index":false,"sidebar_show_page":false,"sidebar_show_product":false,"sidebar_show_collection":false,"sidebar_show_blog":true,"sidebar_show_article":true,"currency_enable_multi_currency":true,"currency_money_style":"money_with_currency_format","currency_supported_currencies":"USD CAD GBP AUD EUR AED","currency_default_currency":"USD","cart_type":"notification","social_facebook_link":"https:\/\/facebook.com\/shopify","social_twitter_link":"https:\/\/twitter.com\/shopify","social_pinterest_link":"https:\/\/pinterest.com\/shopify","social_instagram_link":"http:\/\/instagram.com\/shopify","social_tumblr_link":"http:\/\/shopify.tumblr.com","social_snapchat_link":"https:\/\/www.snapchat.com\/add\/shopify","social_youtube_link":"https:\/\/www.youtube.com\/user\/shopify","social_vimeo_link":"https:\/\/vimeo.com\/shopify","share_facebook":false,"share_twitter":false,"share_pinterest":false,"social_twitter_feed_style":"light","social_twitter_feed_limit":3,"favicon":"","checkout_header_image":"","checkout_logo_image":"","checkout_logo_position":"left","checkout_logo_size":"medium","checkout_body_background_image":"","checkout_body_background_color":"#ffffff","checkout_input_background_color_mode":"white","checkout_sidebar_background_image":"","checkout_sidebar_background_color":"#fafafa","checkout_heading_font":"-apple-system, BlinkMacSystemFont, 'Segoe UI', Roboto, Helvetica, Arial, sans-serif, 'Apple Color Emoji', 'Segoe UI Emoji', 'Segoe UI Symbol'","checkout_body_font":"-apple-system, BlinkMacSystemFont, 'Segoe UI', Roboto, Helvetica, Arial, sans-serif, 'Apple Color Emoji', 'Segoe UI Emoji', 'Segoe UI Symbol'","checkout_accent_color":"#0069cc","checkout_button_color":"#0069cc","checkout_error_color":"#cc0000","sections":{"header":{"type":"header","settings":{"header_layout":"column-max","enable_sticky_header":true,"show_announcement":true,"show_announcement_index_only":false,"announcement_message":"<p>We Pay Shipping On Orders Over $50<\/p>\n<p>Shipping usually takes 14-30 days&nbsp;<\/p>","logo_position":"left","logo":"","logo_height":92,"show_tagline":false,"tagline":"Your brand tagline","show_customer_links":true,"show_checkout_link":true,"main_menu":"main-menu","show_collection_images":true,"show_product_images":true}},"footer":{"type":"footer","blocks":{"1482276648998":{"type":"social-icons","settings":{"title":"Social Links","icon_size":24}},"1580776457238":{"type":"newsletter","settings":{"title":"Newsletter","signup_message":"<p>Enter your email address below to join our mailing list and have our latest news and member-only deals delivered straight to your inbox.<\/p>"}}},"block_order":["1482276648998","1580776457238"],"settings":{"menu":"footer","show_payment_icons":true}},"collection-template":{"type":"collection-template","settings":{"products_per_row":4,"product_rows":6,"enable_sorting":true,"enable_tag_filtering":true,"show_collection_image":true,"show_vendor":false,"show_price":true,"show_compare_at_price":true,"show_from":true,"show_add_to_cart_button":true,"show_sale_sticker":true,"bg_details_color":"#ffffff"}},"product-template":{"type":"product-template","settings":{"col_one_size_large":"6","show_vendor":false,"show_price":true,"show_compare_at_price":true,"show_variant_selectors":true,"show_qty_selector":true,"show_qty_available":false,"show_add_to_cart_button":true,"enable_payment_button":false,"show_sku":false,"show_tags":false,"show_social_sharing_buttons":false,"show_sale_sticker":true,"enable_image_zoom":true,"enable_backorder_notice":true,"enable_sticky_cart_mobile":true,"enable_sticky_cart_desktop":true,"sticky_cart_position":"top"}},"blog-template":{"type":"blog-template","settings":{"show_tag_filter":true,"show_author":true,"show_publish_date":true,"show_comment_count":true,"show_article_link":true,"show_tags":true}},"article-template":{"type":"article-template","settings":{"show_author":true,"show_publish_date":true,"show_comment_count":true,"show_tags":true,"show_social_sharing_buttons":true,"show_article_nav":true}},"cart-template":{"type":"cart-template","settings":{"show_additional_checkout_buttons":false,"enable_cart_notes":true,"cart_page_content":""}},"password-template":{"type":"password-template","settings":{"enable_signup":true,"show_social_sharing_buttons":true,"logo":"","logo_max_width":"250"}},"sidebar":{"type":"sidebar","blocks":{"1482276544417":{"type":"search","settings":{"title":""}},"1482276563330":{"type":"separator","settings":{"margin_top":"margin-top","margin_bottom":"margin-bottom","show_line":true,"line_color":"","width":"wide","line_thickness":"1"}},"1482104336265":{"type":"text","settings":{"title":"Heading","text":"<p>Use this text to share information about your brand with your customers. Describe a product, share announcements, or welcome customers to your store.<\/p>","color":""}},"1482276147786":{"type":"separator","settings":{"margin_top":"margin-top","margin_bottom":"margin-bottom","show_line":true,"line_color":"","width":"wide","line_thickness":"1"}},"1482092148488":{"type":"newsletter","settings":{"title":"Newsletter","signup_message":"<p>Enter your email address below to join our mailing list and have our latest news and member-only deals delivered straight to your inbox.<\/p>"}},"1482276151622":{"type":"separator","settings":{"margin_top":"margin-top","margin_bottom":"margin-bottom","show_line":true,"line_color":"","width":"wide","line_thickness":"1"}},"1482172460414":{"type":"collection","settings":{"title":"Top Product","collection":"frontpage","product_limit":1,"show_vendor":false,"show_price":true,"show_compare_at_price":true,"show_add_to_cart_button":true,"show_sale_sticker":true}},"1482284215343":{"type":"separator","settings":{"margin_top":"margin-top","margin_bottom":"margin-bottom","show_line":true,"line_color":"","width":"wide","line_thickness":"1"}},"1482284200978":{"type":"navigation","settings":{"title":"Links","menu":"main-menu","levels":"1","close_inactive":false}}},"block_order":["1482276544417","1482276563330","1482104336265","1482276147786","1482092148488","1482276151622","1482172460414","1482284215343","1482284200978"],"settings":{}},"1482274088656":{"type":"separator","settings":{"margin_top":"no-margin-top","margin_bottom":"no-margin-bottom","show_line":true,"line_color":"","width":"full","line_thickness":"1px"}},"1482274146030":{"type":"collection","settings":{"title":"Shop Our Collections!","width":"column-max","collection":"watches","products_per_row":4,"product_rows":10,"show_vendor":false,"show_price":true,"show_compare_at_price":true,"show_add_to_cart_button":true,"show_sale_sticker":true,"bg_details_color":"#ffffff"}},"1482283058043":{"type":"separator","settings":{"margin_top":"margin-top-50","margin_bottom":"margin-bottom","show_line":false,"line_color":"","width":"","line_thickness":"1px"}},"1509040982344":{"type":"images-with-text","blocks":{"1509040982344-0":{"type":"image","settings":{"bg_color":"#ffffff","overlay_line_color":"#ffffff","image":"shopify:\/\/shop_images\/20200512_175928.jpg","link_url":"shopify:\/\/collections\/electronics","show_text_overlay":true,"overlay_bg_opacity":0,"overlay_separator_line_width":"10%","overlay_line_1_text":"","overlay_line_1_font_size":16,"overlay_line_2_text":"Bluetooth Headphones","overlay_line_2_font_size":39,"overlay_line_3_text":"","overlay_line_3_font_size":16,"button_1_text":""}},"1509040982344-1":{"type":"image","settings":{"bg_color":"#ffffff","overlay_line_color":"#ffffff","image":"shopify:\/\/shop_images\/20200512_174233.jpg","link_url":"","show_text_overlay":true,"overlay_bg_opacity":0,"overlay_separator_line_width":"10%","overlay_line_1_text":"","overlay_line_1_font_size":16,"overlay_line_2_text":"Drone Cameras","overlay_line_2_font_size":35,"overlay_line_3_text":"","overlay_line_3_font_size":16,"button_1_text":""}},"1509040982344-2":{"type":"image","settings":{"bg_color":"#ffffff","overlay_line_color":"#ffffff","image":"shopify:\/\/shop_images\/20200512_175957.jpg","link_url":"","show_text_overlay":true,"overlay_bg_opacity":0,"overlay_separator_line_width":"10%","overlay_line_1_text":"","overlay_line_1_font_size":16,"overlay_line_2_text":"Chargeable Back Packs","overlay_line_2_font_size":35,"overlay_line_3_text":"","overlay_line_3_font_size":16,"button_1_text":""}},"1589320841857":{"type":"image","settings":{"bg_color":"#ffffff","overlay_line_color":"#ffffff","image":"shopify:\/\/shop_images\/20200512_180018.jpg","link_url":"","show_text_overlay":false,"overlay_bg_opacity":0,"overlay_separator_line_width":"10%","overlay_line_1_text":"","overlay_line_1_font_size":16,"overlay_line_2_text":"Stylish Kicks","overlay_line_2_font_size":36,"overlay_line_3_text":"","overlay_line_3_font_size":16,"button_1_text":""}},"1589323643819":{"type":"image","settings":{"bg_color":"#ffffff","overlay_line_color":"#ffffff","image":"shopify:\/\/shop_images\/20200512_174221.jpg","link_url":"","show_text_overlay":false,"overlay_bg_opacity":0,"overlay_separator_line_width":"10%","overlay_line_1_text":"","overlay_line_1_font_size":16,"overlay_line_2_text":"","overlay_line_2_font_size":35,"overlay_line_3_text":"","overlay_line_3_font_size":16,"button_1_text":""}},"1589323700061":{"type":"image","settings":{"bg_color":"#ffffff","overlay_line_color":"#393e42","image":"shopify:\/\/shop_images\/20200512_173653_91d28db6-032d-4a96-a7cc-90eb6511d862.jpg","link_url":"","show_text_overlay":false,"overlay_bg_opacity":0,"overlay_separator_line_width":"10%","overlay_line_1_text":"","overlay_line_1_font_size":16,"overlay_line_2_text":"","overlay_line_2_font_size":35,"overlay_line_3_text":"","overlay_line_3_font_size":16,"button_1_text":""}}},"block_order":["1509040982344-0","1509040982344-1","1509040982344-2","1589320841857","1589323643819","1589323700061"],"settings":{"title":"Hurry These Move Fast!","width":"column-max","height":250,"images_per_row_large":3,"overlay_font":""}},"1509040989735":{"type":"slideshow","blocks":{"1509040989735-1":{"type":"slide","settings":{"bg_color":"#ffffff","image":"shopify:\/\/shop_images\/20200512_162931.jpg","link_url":"shopify:\/\/pages\/men","show_text_overlay":true,"overlay_bg_opacity":10,"overlay_separator_line_width":"10%","overlay_line_1_text":"","overlay_line_1_font":"","overlay_line_1_font_size":16,"overlay_line_1_color":"#94999e","overlay_line_2_text":"Shop The Best Products","overlay_line_2_font":"","overlay_line_2_font_size":30,"overlay_line_2_color":"#ffffff","overlay_line_3_text":"","overlay_line_3_font":"","overlay_line_3_font_size":16,"overlay_line_3_color":"#94999e","button_1_text":""}},"1589319608193":{"type":"slide","settings":{"bg_color":"#ffffff","image":"shopify:\/\/shop_images\/20200512_173653_4ae81f44-6704-4936-bf9b-79f920688f30.jpg","link_url":"shopify:\/\/pages\/men","show_text_overlay":true,"overlay_bg_opacity":10,"overlay_separator_line_width":"10%","overlay_line_1_text":"","overlay_line_1_font":"","overlay_line_1_font_size":16,"overlay_line_1_color":"#94999e","overlay_line_2_text":"","overlay_line_2_font":"","overlay_line_2_font_size":37,"overlay_line_2_color":"#393e42","overlay_line_3_text":"","overlay_line_3_font":"","overlay_line_3_font_size":16,"overlay_line_3_color":"#94999e","button_1_text":""}},"1589319645717":{"type":"slide","settings":{"bg_color":"#ffffff","image":"shopify:\/\/shop_images\/20200512_174248.jpg","link_url":"","show_text_overlay":true,"overlay_bg_opacity":10,"overlay_separator_line_width":"10%","overlay_line_1_text":"","overlay_line_1_font":"","overlay_line_1_font_size":49,"overlay_line_1_color":"#94999e","overlay_line_2_text":"","overlay_line_2_font":"","overlay_line_2_font_size":82,"overlay_line_2_color":"#393e42","overlay_line_3_text":"","overlay_line_3_font":"","overlay_line_3_font_size":48,"overlay_line_3_color":"#94999e","button_1_text":""}},"1589319910680":{"type":"slide","settings":{"bg_color":"#ffffff","image":"shopify:\/\/shop_images\/20200512_175944.jpg","link_url":"","show_text_overlay":true,"overlay_bg_opacity":10,"overlay_separator_line_width":"10%","overlay_line_1_text":"","overlay_line_1_font":"","overlay_line_1_font_size":31,"overlay_line_1_color":"#94999e","overlay_line_2_text":"","overlay_line_2_font":"","overlay_line_2_font_size":37,"overlay_line_2_color":"#393e42","overlay_line_3_text":"","overlay_line_3_font":"","overlay_line_3_font_size":46,"overlay_line_3_color":"#94999e","button_1_text":""}}},"block_order":["1509040989735-1","1589319608193","1589319645717","1589319910680"],"settings":{"width":"column-max","height":650,"autoplay":true,"autoplay_rate":5,"show_page_dots":true,"show_prev_next_buttons":true}},"1518467868231":{"type":"separator","settings":{"margin_top":"no-margin-top","margin_bottom":"margin-bottom","show_line":false,"line_color":"","width":"medium","line_thickness":"1px"}},"product-recommendations":{"type":"product-recommendations","settings":{"show_product_recommendations":true,"width":"column-max","heading":"You May Also Like","align_heading":"left","products_per_row":4,"product_rows":1,"show_vendor":false,"show_price":true,"show_compare_at_price":true,"show_add_to_cart_button":true,"show_sale_sticker":true,"bg_details_color":"#ffffff"}},"1580775705038":{"type":"rich-text","blocks":{"1580775705038-0":{"type":"text","settings":{"title":"Our Mission To You","text":"<p>To bring You The Best Products From Across The Globe!<\/p>","alignment":"center","color":""}}},"block_order":["1580775705038-0"],"settings":{}}},"content_for_index":["1518467868231","1482274088656","1509040989735","1580775705038","1482274146030","1509040982344","1482283058043"]},"presets":{"Thunderbolt":{"bg_announcement_bar_color":"#030303","color_announcement_bar_text":"#f1f2f3","bg_top_bar_color":"#ffffff","color_brand_link":"#0069cc","color_top_bar_text":"#030303","color_top_bar_link":"#030303","color_top_bar_link_hover":"#0069cc","bg_header_color":"#ffffff","color_header_text":"#030303","color_main_menu_link":"#030303","color_main_menu_link_hover":"#0069cc","color_header_line":"#f1f2f3","bg_content_color":"#ffffff","color_content_heading":"#030303","color_content_text":"#303030","color_content_text_light":"#696969","color_content_link":"#030303","color_content_link_hover":"#0069cc","color_content_line":"#eaeaea","bg_footer_content_color":"#f1f2f3","color_footer_content_heading":"#030303","color_footer_content_text":"#303030","color_footer_content_text_light":"#909090","color_footer_content_link":"#606060","color_footer_content_link_hover":"#0069cc","color_footer_content_line":"#e1e2e3","bg_footer_color":"#030303","color_footer_text":"#f1f2f3","color_footer_link":"#f1f2f3","color_footer_link_hover":"#0069cc","bg_content_button":"#0069cc","color_content_button_text":"#ffffff","bg_content_button_hover":"#030303","color_content_button_text_hover":"#f3f3f3","bg_sale_sticker_color":"#030303","color_sale_sticker":"#ffffff","sticky_cart_background":"#ffffff","sticky_cart_text":"#303030","typo_brand_font":"tenor_sans_n4","typo_brand_font_size":24,"typo_main_menu_font":"neuzeit_s_n4","typo_main_menu_font_size":14,"typo_main_menu_dropdown_font_size":14,"typo_primary_font":"neuzeit_s_n4","typo_primary_font_size":14,"typo_primary_line_height":"1.5","typo_heading_font":"tenor_sans_n4","sidebar_side":"right","sidebar_show_index":false,"sidebar_show_page":false,"sidebar_show_product":false,"sidebar_show_collection":false,"sidebar_show_blog":true,"sidebar_show_article":true,"currency_enable_multi_currency":true,"currency_money_style":"money_with_currency_format","currency_supported_currencies":"USD CAD GBP AUD EUR","currency_default_currency":"USD","cart_type":"notification","social_facebook_link":"https:\/\/facebook.com\/shopify","social_twitter_link":"https:\/\/twitter.com\/shopify","social_pinterest_link":"https:\/\/pinterest.com\/shopify","social_instagram_link":"http:\/\/instagram.com\/shopify","social_tumblr_link":"http:\/\/shopify.tumblr.com","social_snapchat_link":"https:\/\/www.snapchat.com\/add\/shopify","social_youtube_link":"https:\/\/www.youtube.com\/user\/shopify","social_vimeo_link":"https:\/\/vimeo.com\/shopify","share_facebook":true,"share_twitter":true,"share_pinterest":true,"social_twitter_feed_style":"light","social_twitter_feed_limit":3,"favicon":"","checkout_header_image":"","checkout_logo_image":"","checkout_logo_position":"left","checkout_logo_size":"medium","checkout_body_background_image":"","checkout_body_background_color":"#ffffff","checkout_input_background_color_mode":"white","checkout_sidebar_background_image":"","checkout_sidebar_background_color":"#fafafa","checkout_heading_font":"-apple-system, BlinkMacSystemFont, 'Segoe UI', Roboto, Helvetica, Arial, sans-serif, 'Apple Color Emoji', 'Segoe UI Emoji', 'Segoe UI Symbol'","checkout_body_font":"-apple-system, BlinkMacSystemFont, 'Segoe UI', Roboto, Helvetica, Arial, sans-serif, 'Apple Color Emoji', 'Segoe UI Emoji', 'Segoe UI Symbol'","checkout_accent_color":"#0069cc","checkout_button_color":"#0069cc","checkout_error_color":"#cc0000","sections":{"header":{"type":"header","settings":{"header_layout":"column-max","enable_sticky_header":true,"show_announcement":true,"show_announcement_index_only":false,"announcement_message":"<p>Featured <a href=\"\/\">announcement<\/a> or <a href=\"\/\">promotion<\/a>! 🛍<\/p>","logo_position":"left","logo":"","logo_height":30,"show_tagline":false,"tagline":"Your brand tagline","show_customer_links":true,"show_checkout_link":true,"main_menu":"main-menu","show_collection_images":true,"show_product_images":true}},"footer":{"type":"footer","blocks":{"1566814543759":{"type":"text","settings":{"title":"Company","text":"<p>Something about your company.<\/p>","color":""}},"1566814605777":{"type":"navigation","settings":{"title":"Main Menu","menu":"main-menu","levels":"1","close_inactive":false}},"1566814674959":{"type":"navigation","settings":{"title":"Customer Service","menu":"main-menu","levels":"1","close_inactive":false}},"1482276648998":{"type":"social-icons","settings":{"title":"Social Media","icon_size":24}}},"block_order":["1566814543759","1566814605777","1566814674959","1482276648998"],"settings":{"menu":"footer","show_payment_icons":true}},"collection-template":{"type":"collection-template","settings":{"products_per_row":4,"product_rows":6,"enable_sorting":true,"enable_tag_filtering":true,"show_collection_image":true,"show_vendor":false,"show_price":true,"show_compare_at_price":true,"show_from":false,"show_add_to_cart_button":true,"show_sale_sticker":true,"bg_details_color":"rgba(0,0,0,0)"}},"product-template":{"type":"product-template","settings":{"col_one_size_large":"6","show_vendor":true,"show_price":true,"show_compare_at_price":true,"show_variant_selectors":true,"show_qty_selector":true,"show_qty_available":false,"show_add_to_cart_button":true,"enable_payment_button":false,"show_sku":false,"show_tags":false,"show_social_sharing_buttons":true,"show_sale_sticker":true,"enable_image_zoom":true,"enable_backorder_notice":true,"enable_sticky_cart_mobile":true,"enable_sticky_cart_desktop":true,"sticky_cart_position":"top"}},"product-recommendations":{"type":"product-recommendations","settings":{"show_product_recommendations":true,"width":"column-max","heading":"You may also like","align_heading":"left","products_per_row":4,"product_rows":1,"show_vendor":false,"show_price":false,"show_compare_at_price":false,"show_add_to_cart_button":false,"show_sale_sticker":true,"bg_details_color":"rgba(0,0,0,0)"}},"blog-template":{"type":"blog-template","settings":{"show_tag_filter":true,"show_author":true,"show_publish_date":true,"show_comment_count":true,"show_article_link":true,"show_tags":true}},"article-template":{"type":"article-template","settings":{"show_author":true,"show_publish_date":true,"show_comment_count":true,"show_tags":true,"show_social_sharing_buttons":true,"show_article_nav":true}},"cart-template":{"type":"cart-template","settings":{"show_additional_checkout_buttons":false,"enable_cart_notes":true,"cart_page_content":""}},"password-template":{"type":"password-template","settings":{"enable_signup":true,"show_social_sharing_buttons":true,"logo":"","logo_max_width":"250"}},"sidebar":{"type":"sidebar","blocks":{"1482276544417":{"type":"search","settings":{"title":""}},"1482276563330":{"type":"separator","settings":{"margin_top":"margin-top","margin_bottom":"margin-bottom","show_line":true,"line_color":"","width":"wide","line_thickness":"1"}},"1482104336265":{"type":"text","settings":{"title":"Heading","text":"<p>Use this text to share information about your brand with your customers. Describe a product, share announcements, or welcome customers to your store.<\/p>","color":""}},"1482276147786":{"type":"separator","settings":{"margin_top":"margin-top","margin_bottom":"margin-bottom","show_line":true,"line_color":"","width":"wide","line_thickness":"1"}},"1482092148488":{"type":"newsletter","settings":{"title":"Newsletter","signup_message":"<p>Enter your email address below to join our mailing list and have our latest news and member only deals delivered straight to your inbox.<\/p>"}},"1482276151622":{"type":"separator","settings":{"margin_top":"margin-top","margin_bottom":"margin-bottom","show_line":true,"line_color":"","width":"wide","line_thickness":"1"}},"1482172460414":{"type":"collection","settings":{"title":"Top Product","collection":"","product_limit":1,"show_vendor":false,"show_price":true,"show_compare_at_price":true,"show_add_to_cart_button":true,"show_sale_sticker":true}},"1482284215343":{"type":"separator","settings":{"margin_top":"margin-top","margin_bottom":"margin-bottom","show_line":true,"line_color":"","width":"wide","line_thickness":"1"}},"1482284200978":{"type":"navigation","settings":{"title":"Links","menu":"main-menu","levels":"1","close_inactive":false}}},"block_order":["1482276544417","1482276563330","1482104336265","1482276147786","1482092148488","1482276151622","1482172460414","1482284215343","1482284200978"],"settings":{}},"1509040989735":{"type":"slideshow","blocks":{"1566835173737":{"type":"slide","settings":{"bg_color":"#030303","image":"","link_url":"shopify:\/\/collections\/all","show_text_overlay":true,"overlay_bg_opacity":0,"overlay_separator_line_width":"0","overlay_line_1_text":"SLIDE TITLE","overlay_line_1_font":"","overlay_line_1_font_size":16,"overlay_line_1_color":"#ffffff","overlay_line_2_text":"FEATURED CONTENT","overlay_line_2_font":"","overlay_line_2_font_size":32,"overlay_line_2_color":"#ffffff","overlay_line_3_text":"MORE DETAILS","overlay_line_3_font":"","overlay_line_3_font_size":16,"overlay_line_3_color":"#ffffff","button_1_text":"&nbsp;Shop Now&nbsp;"}},"1567595701852":{"type":"slide","settings":{"bg_color":"#030303","image":"","link_url":"shopify:\/\/collections\/all","show_text_overlay":true,"overlay_bg_opacity":0,"overlay_separator_line_width":"0","overlay_line_1_text":"SLIDE TITLE","overlay_line_1_font":"","overlay_line_1_font_size":16,"overlay_line_1_color":"#ffffff","overlay_line_2_text":"FEATURED CONTENT","overlay_line_2_font":"","overlay_line_2_font_size":32,"overlay_line_2_color":"#ffffff","overlay_line_3_text":"MORE DETAILS","overlay_line_3_font":"","overlay_line_3_font_size":16,"overlay_line_3_color":"#ffffff","button_1_text":"&nbsp;Shop Now&nbsp;"}}},"block_order":["1566835173737","1567595701852"],"settings":{"width":"width-100","height":600,"autoplay":true,"autoplay_rate":9,"show_page_dots":false,"show_prev_next_buttons":false}},"1566987036196":{"type":"images-with-text","blocks":{"1566987136193":{"type":"image","settings":{"bg_color":"#f1f2f3","overlay_line_color":"#030303","image":"","link_url":"","show_text_overlay":true,"overlay_bg_opacity":0,"overlay_separator_line_width":"0","overlay_line_1_text":"BLOCK TITLE","overlay_line_1_font_size":12,"overlay_line_2_text":"FEATURED CONTENT","overlay_line_2_font_size":16,"overlay_line_3_text":"MORE DETAILS","overlay_line_3_font_size":12,"button_1_text":""}},"1566987363183":{"type":"image","settings":{"bg_color":"#f1f2f3","overlay_line_color":"#030303","image":"","link_url":"","show_text_overlay":true,"overlay_bg_opacity":0,"overlay_separator_line_width":"0","overlay_line_1_text":"BLOCK TITLE","overlay_line_1_font_size":12,"overlay_line_2_text":"FEATURED CONTENT","overlay_line_2_font_size":16,"overlay_line_3_text":"MORE DETAILS","overlay_line_3_font_size":12,"button_1_text":""}},"1566987294410":{"type":"image","settings":{"bg_color":"#f1f2f3","overlay_line_color":"#030303","image":"","link_url":"","show_text_overlay":true,"overlay_bg_opacity":0,"overlay_separator_line_width":"0","overlay_line_1_text":"BLOCK TITLE","overlay_line_1_font_size":12,"overlay_line_2_text":"FEATURED CONTENT","overlay_line_2_font_size":16,"overlay_line_3_text":"MORE DETAILS","overlay_line_3_font_size":12,"button_1_text":""}}},"block_order":["1566987136193","1566987363183","1566987294410"],"settings":{"title":"","width":"column-max","height":150,"images_per_row_large":3,"overlay_font":""}},"1566813734810":{"type":"image-with-text","settings":{"image":"","layout":"left","heading":"Collection Name","text":"<p>Pair large text with an image to give focus to your chosen product, collection, or blog post. Add details on availability, style, or even provide a review.<\/p>","button_label":"Shop Collection","button_link":"shopify:\/\/collections\/all","text_alignment":"left"}},"1566813919482":{"type":"image-with-text","settings":{"image":"","layout":"right","heading":"Collection Name","text":"<p>Pair large text with an image to give focus to your chosen product, collection, or blog post. Add details on availability, style, or even provide a review.<\/p>","button_label":"Shop Collection","button_link":"shopify:\/\/collections\/all","text_alignment":"left"}},"1566813977964":{"type":"collection","settings":{"title":"","width":"column-max","collection":"","products_per_row":4,"product_rows":1,"show_vendor":false,"show_price":true,"show_compare_at_price":true,"show_add_to_cart_button":true,"show_sale_sticker":true,"bg_details_color":"rgba(0,0,0,0)"}},"1566814067322":{"type":"collection","settings":{"title":"","width":"column-max","collection":"","products_per_row":4,"product_rows":1,"show_vendor":false,"show_price":true,"show_compare_at_price":true,"show_add_to_cart_button":true,"show_sale_sticker":true,"bg_details_color":"rgba(0,0,0,0)"}},"1566816941917":{"type":"newsletter","settings":{"heading":"Subscribe to our newsletter.","subheading":"<p>Enter your email address below to join our mailing list and have our latest news and member only deals delivered straight to your inbox.<\/p>","bg_color":"#f1f2f3","color_text":""}},"1566820968630":{"type":"separator","settings":{"margin_top":"margin-top","margin_bottom":"margin-bottom","show_line":false,"line_color":"","width":"medium","line_thickness":"1px"}},"1566821276969":{"type":"separator","settings":{"margin_top":"margin-top-50","margin_bottom":"margin-bottom-50","show_line":false,"line_color":"","width":"medium","line_thickness":"1px"}},"1566821419493":{"type":"separator","settings":{"margin_top":"margin-top-50","margin_bottom":"margin-bottom-50","show_line":false,"line_color":"","width":"medium","line_thickness":"1px"}},"1566821461533":{"type":"separator","settings":{"margin_top":"margin-top-150","margin_bottom":"margin-bottom-150","show_line":false,"line_color":"","width":"medium","line_thickness":"1px"}},"1566821569608":{"type":"separator","settings":{"margin_top":"margin-top-150","margin_bottom":"margin-bottom-150","show_line":false,"line_color":"","width":"","line_thickness":"1px"}},"1566821764404":{"type":"separator","settings":{"margin_top":"margin-top","margin_bottom":"margin-bottom","show_line":false,"line_color":"","width":"","line_thickness":"1px"}}},"content_for_index":["1509040989735","1566820968630","1566987036196","1566821764404","1566813734810","1566821276969","1566813977964","1566821461533","1566813919482","1566821419493","1566814067322","1566821569608","1566816941917"]},"Seaside":{"bg_announcement_bar_color":"#313a47","color_announcement_bar_text":"#babbbd","bg_top_bar_color":"#f7f8f9","color_brand_link":"#73b7cc","color_top_bar_text":"#484b4f","color_top_bar_link":"#93979d","color_top_bar_link_hover":"#73b7cc","bg_header_color":"#f7f8f9","color_header_text":"#484b4f","color_main_menu_link":"#93979d","color_main_menu_link_hover":"#73b7cc","color_header_line":"#e1e2e3","bg_content_color":"#f7f8f9","color_content_heading":"#484b4f","color_content_text":"#484b4f","color_content_text_light":"#93979d","color_content_link":"#73b7cc","color_content_link_hover":"#484b4f","color_content_line":"#e1e2e3","bg_footer_content_color":"#313b49","color_footer_content_heading":"#ffffff","color_footer_content_text":"#8a9098","color_footer_content_text_light":"#eaebed","color_footer_content_link":"#ffffff","color_footer_content_link_hover":"#73b7cc","color_footer_content_line":"#babbbd","bg_footer_color":"#2c343f","color_footer_text":"#8a9098","color_footer_link":"#8a9098","color_footer_link_hover":"#73b7cc","bg_content_button":"#73b7cc","color_content_button_text":"#ffffff","bg_content_button_hover":"#7ec9e0","color_content_button_text_hover":"#ffffff","bg_sale_sticker_color":"#e45f87","color_sale_sticker":"#ffffff","sticky_cart_background":"#ffffff","sticky_cart_text":"#484b4f","typo_brand_font":"pacifico_n4","typo_brand_font_size":32,"typo_main_menu_font":"helvetica_n4","typo_main_menu_font_size":16,"typo_main_menu_dropdown_font_size":16,"typo_primary_font":"helvetica_n4","typo_primary_font_size":16,"typo_primary_line_height":"1.5","typo_heading_font":"helvetica_n4","sidebar_side":"right","sidebar_show_index":false,"sidebar_show_page":true,"sidebar_show_product":false,"sidebar_show_collection":false,"sidebar_show_blog":true,"sidebar_show_article":true,"currency_enable_multi_currency":false,"currency_money_style":"money_with_currency_format","currency_supported_currencies":"USD CAD GBP AUD EUR","currency_default_currency":"CAD","cart_type":"notification","social_facebook_link":"https:\/\/facebook.com\/shopify","social_twitter_link":"https:\/\/twitter.com\/shopify","social_pinterest_link":"https:\/\/pinterest.com\/shopify","social_instagram_link":"http:\/\/instagram.com\/shopify","social_tumblr_link":"http:\/\/shopify.tumblr.com","social_snapchat_link":"https:\/\/www.snapchat.com\/add\/shopify","social_youtube_link":"https:\/\/www.youtube.com\/user\/shopify","social_vimeo_link":"https:\/\/vimeo.com\/shopify","share_facebook":true,"share_twitter":true,"share_pinterest":true,"social_twitter_feed_style":"light","social_twitter_feed_limit":4,"favicon":"","checkout_header_image":"","checkout_logo_image":"","checkout_logo_position":"left","checkout_logo_size":"medium","checkout_body_background_image":"","checkout_body_background_color":"#fff","checkout_input_background_color_mode":"white","checkout_sidebar_background_image":"","checkout_sidebar_background_color":"#fafafa","checkout_heading_font":"Helvetica Neue","checkout_body_font":"Helvetica Neue","checkout_accent_color":"#1990c6","checkout_button_color":"#1990c6","checkout_error_color":"#ff6d6d","sections":{"header":{"type":"header","settings":{"header_layout":"width-100 body-padding","enable_sticky_header":true,"show_announcement":true,"show_announcement_index_only":false,"announcement_message":"<p>Featured <a href=\"\/\">announcement<\/a> or <a href=\"\/\">promotion<\/a>! 🛍<\/p>","logo_position":"left","logo":"","logo_height":40,"show_tagline":false,"tagline":"Your brand tagline","show_customer_links":true,"show_checkout_link":true,"main_menu":"main-menu","show_collection_images":true,"show_product_images":true}},"footer":{"type":"footer","blocks":{"1482275547080":{"type":"page-content","settings":{"title":"Page","page":""}},"1482275566756":{"type":"blog-posts","settings":{"title":"Blog","blog":"news","article_limit":1,"show_image":true,"show_author":true,"show_publish_date":true,"show_comment_count":true}},"1482275590235":{"type":"newsletter","settings":{"title":"Newsletter","signup_message":"<p>Enter your email address below to join our mailing list and have our latest news and member-only deals delivered straight to your inbox.<\/p>"}},"1482276648998":{"type":"social-icons","settings":{"title":"Social Links","icon_size":24}}},"block_order":["1482275547080","1482275566756","1482275590235","1482276648998"],"settings":{"menu":"footer","show_payment_icons":true}},"collection-template":{"type":"collection-template","settings":{"products_per_row":4,"product_rows":6,"enable_sorting":true,"enable_tag_filtering":true,"show_collection_image":true,"show_vendor":false,"show_price":true,"show_compare_at_price":true,"show_from":true,"show_add_to_cart_button":true,"show_sale_sticker":true,"bg_details_color":"#ffffff"}},"product-template":{"type":"product-template","settings":{"col_one_size_large":"6","show_vendor":true,"show_price":true,"show_compare_at_price":true,"show_variant_selectors":true,"show_qty_selector":true,"show_qty_available":false,"show_add_to_cart_button":true,"enable_payment_button":false,"show_sku":true,"show_tags":true,"show_social_sharing_buttons":true,"show_sale_sticker":true,"enable_image_zoom":true,"enable_backorder_notice":true,"enable_sticky_cart_mobile":true,"enable_sticky_cart_desktop":true,"sticky_cart_position":"top"}},"blog-template":{"type":"blog-template","settings":{"show_tag_filter":true,"show_author":true,"show_publish_date":true,"show_comment_count":true,"show_article_link":true,"show_tags":true}},"article-template":{"type":"article-template","settings":{"show_author":true,"show_publish_date":true,"show_comment_count":true,"show_tags":true,"show_social_sharing_buttons":true,"show_article_nav":true}},"cart-template":{"type":"cart-template","settings":{"enable_cart_notes":true,"cart_page_content":""}},"password-template":{"type":"password-template","settings":{"enable_signup":true,"show_social_sharing_buttons":true,"logo":"","logo_max_width":"250"}},"sidebar":{"type":"sidebar","blocks":{"1482276544417":{"type":"search","settings":{"title":""}},"1482276563330":{"type":"separator","settings":{"margin_top":"margin-top","margin_bottom":"margin-bottom","show_line":true,"line_color":"","width":"wide","line_thickness":"1"}},"1482104336265":{"type":"text","settings":{"title":"Heading","text":"<p>Use this text to share information about your brand with your customers. Describe a product, share announcements, or welcome customers to your store.<\/p>","color":""}},"1482276147786":{"type":"separator","settings":{"margin_top":"margin-top","margin_bottom":"margin-bottom","show_line":true,"line_color":"","width":"wide","line_thickness":"1"}},"1482092148488":{"type":"newsletter","settings":{"title":"Newsletter","signup_message":"<p>Enter your email address below to join our mailing list and have our latest news and member-only deals delivered straight to your inbox.<\/p>"}},"1482276151622":{"type":"separator","settings":{"margin_top":"margin-top","margin_bottom":"margin-bottom","show_line":true,"line_color":"","width":"wide","line_thickness":"1"}},"1482172460414":{"type":"collection","settings":{"title":"Top Product","collection":"frontpage","product_limit":1,"show_vendor":false,"show_price":true,"show_compare_at_price":true,"show_add_to_cart_button":true,"show_sale_sticker":true}},"1482284215343":{"type":"separator","settings":{"margin_top":"margin-top","margin_bottom":"margin-bottom","show_line":true,"line_color":"","width":"wide","line_thickness":"1"}},"1482284200978":{"type":"navigation","settings":{"title":"Links","menu":"main-menu","levels":"1","close_inactive":false}}},"block_order":["1482276544417","1482276563330","1482104336265","1482276147786","1482092148488","1482276151622","1482172460414","1482284215343","1482284200978"],"settings":{}},"1482274088656":{"type":"separator","settings":{"margin_top":"no-margin-top","margin_bottom":"margin-bottom-50","show_line":false,"line_color":"","width":"full","line_thickness":"1px"}},"1482274146030":{"type":"collection","settings":{"title":"","width":"column-max","collection":"","products_per_row":4,"product_rows":1,"show_vendor":false,"show_price":true,"show_compare_at_price":true,"show_add_to_cart_button":true,"show_sale_sticker":true,"bg_details_color":"#ffffff"}},"1482283058043":{"type":"separator","settings":{"margin_top":"margin-top-50","margin_bottom":"margin-bottom","show_line":false,"line_color":"","width":"","line_thickness":"1px"}},"1509040982344":{"type":"images-with-text","blocks":{"1509040982344-0":{"type":"image","settings":{"bg_color":"#ffffff","overlay_line_color":"#393e42","image":"","link_url":"","show_text_overlay":true,"overlay_bg_opacity":0,"overlay_separator_line_width":"10%","overlay_line_1_text":"YOUR","overlay_line_1_font_size":16,"overlay_line_2_text":"FEATURED","overlay_line_2_font_size":35,"overlay_line_3_text":"TEXT","overlay_line_3_font_size":16,"button_1_text":""}},"1509040982344-1":{"type":"image","settings":{"bg_color":"#ffffff","overlay_line_color":"#393e42","image":"","link_url":"","show_text_overlay":true,"overlay_bg_opacity":0,"overlay_separator_line_width":"10%","overlay_line_1_text":"YOUR","overlay_line_1_font_size":16,"overlay_line_2_text":"FEATURED","overlay_line_2_font_size":35,"overlay_line_3_text":"TEXT","overlay_line_3_font_size":16,"button_1_text":""}},"1509040982344-2":{"type":"image","settings":{"bg_color":"#ffffff","overlay_line_color":"#393e42","image":"","link_url":"","show_text_overlay":true,"overlay_bg_opacity":0,"overlay_separator_line_width":"10%","overlay_line_1_text":"YOUR","overlay_line_1_font_size":16,"overlay_line_2_text":"FEATURED","overlay_line_2_font_size":35,"overlay_line_3_text":"TEXT","overlay_line_3_font_size":16,"button_1_text":""}}},"block_order":["1509040982344-0","1509040982344-1","1509040982344-2"],"settings":{"title":"","width":"column-max","height":250,"images_per_row_large":3,"overlay_font":""}},"1509040989735":{"type":"slideshow","blocks":{"1509040989735-0":{"type":"slide","settings":{"bg_color":"#ffffff","image":"","link_url":"","show_text_overlay":true,"overlay_bg_opacity":0,"overlay_separator_line_width":"10%","overlay_line_1_text":"YOUR","overlay_line_1_font":"","overlay_line_1_font_size":16,"overlay_line_1_color":"#94999e","overlay_line_2_text":"FEATURED","overlay_line_2_font":"","overlay_line_2_font_size":37,"overlay_line_2_color":"#393e42","overlay_line_3_text":"TEXT","overlay_line_3_font":"","overlay_line_3_font_size":16,"overlay_line_3_color":"#94999e","button_1_text":"Call to Action"}},"1509040989735-1":{"type":"slide","settings":{"bg_color":"#ffffff","image":"","link_url":"","show_text_overlay":true,"overlay_bg_opacity":0,"overlay_separator_line_width":"10%","overlay_line_1_text":"YOUR","overlay_line_1_font":"","overlay_line_1_font_size":16,"overlay_line_1_color":"#94999e","overlay_line_2_text":"FEATURED","overlay_line_2_font":"","overlay_line_2_font_size":37,"overlay_line_2_color":"#393e42","overlay_line_3_text":"TEXT","overlay_line_3_font":"","overlay_line_3_font_size":16,"overlay_line_3_color":"#94999e","button_1_text":""}},"1509040989735-2":{"type":"slide","settings":{"bg_color":"#ffffff","image":"","link_url":"","show_text_overlay":true,"overlay_bg_opacity":0,"overlay_separator_line_width":"10%","overlay_line_1_text":"YOUR","overlay_line_1_font":"","overlay_line_1_font_size":16,"overlay_line_1_color":"#94999e","overlay_line_2_text":"FEATURED","overlay_line_2_font":"","overlay_line_2_font_size":37,"overlay_line_2_color":"#393e42","overlay_line_3_text":"TEXT","overlay_line_3_font":"","overlay_line_3_font_size":16,"overlay_line_3_color":"#94999e","button_1_text":""}}},"block_order":["1509040989735-0","1509040989735-1","1509040989735-2"],"settings":{"width":"column-max","height":450,"autoplay":true,"autoplay_rate":5,"show_page_dots":true,"show_prev_next_buttons":true}},"1518467868231":{"type":"separator","settings":{"margin_top":"no-margin-top","margin_bottom":"margin-bottom","show_line":false,"line_color":"","width":"medium","line_thickness":"1px"}}},"content_for_index":["1518467868231","1509040989735","1482274088656","1509040982344","1482283058043","1482274146030"]},"Birch":{"bg_announcement_bar_color":"#333132","color_announcement_bar_text":"#968f8d","bg_top_bar_color":"#ffffff","color_brand_link":"#fe7d59","color_top_bar_text":"#5f5755","color_top_bar_link":"#aea8a8","color_top_bar_link_hover":"#fe7d59","bg_header_color":"#ffffff","color_header_text":"#5f5755","color_main_menu_link":"#aea8a8","color_main_menu_link_hover":"#fe7d59","color_header_line":"#eae8e8","bg_content_color":"#ffffff","color_content_heading":"#4e4949","color_content_text":"#5f5755","color_content_text_light":"#aea8a8","color_content_link":"#f66d47","color_content_link_hover":"#eae8e8","color_content_line":"#eae8e8","bg_footer_content_color":"#333132","color_footer_content_heading":"#ffffff","color_footer_content_text":"#999493","color_footer_content_text_light":"#c2bbba","color_footer_content_link":"#c2bbba","color_footer_content_link_hover":"#ffffff","color_footer_content_line":"#494341","bg_footer_color":"#302e2f","color_footer_text":"#999493","color_footer_link":"#999493","color_footer_link_hover":"#ffffff","bg_content_button":"#f66d47","color_content_button_text":"#ffffff","bg_content_button_hover":"#fe7d59","color_content_button_text_hover":"#ffffff","bg_sale_sticker_color":"#50b83c","color_sale_sticker":"#ffffff","sticky_cart_background":"#ffffff","sticky_cart_text":"#5f5755","typo_brand_font":"kreon_n7","typo_brand_font_size":32,"typo_main_menu_font":"helvetica_n4","typo_main_menu_font_size":16,"typo_main_menu_dropdown_font_size":16,"typo_primary_font":"helvetica_n4","typo_primary_font_size":16,"typo_primary_line_height":"1.5","typo_heading_font":"kreon_n4","sidebar_side":"right","sidebar_show_index":false,"sidebar_show_page":true,"sidebar_show_product":false,"sidebar_show_collection":false,"sidebar_show_blog":true,"sidebar_show_article":true,"currency_enable_multi_currency":true,"currency_money_style":"money_with_currency_format","currency_supported_currencies":"USD CAD GBP AUD EUR","currency_default_currency":"CAD","cart_type":"default","social_facebook_link":"https:\/\/facebook.com\/shopify","social_twitter_link":"https:\/\/twitter.com\/shopify","social_pinterest_link":"https:\/\/pinterest.com\/shopify","social_instagram_link":"http:\/\/instagram.com\/shopify","social_tumblr_link":"http:\/\/shopify.tumblr.com","social_snapchat_link":"https:\/\/www.snapchat.com\/add\/shopify","social_youtube_link":"https:\/\/www.youtube.com\/user\/shopify","social_vimeo_link":"https:\/\/vimeo.com\/shopify","share_facebook":true,"share_twitter":true,"share_pinterest":true,"social_twitter_feed_style":"light","social_twitter_feed_limit":4,"favicon":"","checkout_header_image":"","checkout_logo_image":"","checkout_logo_position":"left","checkout_logo_size":"medium","checkout_body_background_image":"","checkout_body_background_color":"#ffffff","checkout_input_background_color_mode":"white","checkout_sidebar_background_image":"","checkout_sidebar_background_color":"#fafafa","checkout_heading_font":"Helvetica Neue","checkout_body_font":"Helvetica Neue","checkout_accent_color":"#1990c6","checkout_button_color":"#1990c6","checkout_error_color":"#ff6d6d","sections":{"header":{"type":"header","settings":{"header_layout":"column-max","enable_sticky_header":false,"show_announcement":true,"show_announcement_index_only":true,"announcement_message":"<p>Featured <a href=\"\/\">announcement<\/a> or <a href=\"\/\">promotion<\/a>! 🛍<\/p>","logo_position":"center","logo":"","logo_height":40,"show_tagline":false,"tagline":"Your brand tagline","show_customer_links":true,"show_checkout_link":true,"main_menu":"main-menu","show_collection_images":true,"show_product_images":true}},"footer":{"type":"footer","blocks":{"1482275547080":{"type":"page-content","settings":{"title":"Page","page":""}},"1482275566756":{"type":"blog-posts","settings":{"title":"Blog","blog":"news","article_limit":1,"show_image":true,"show_author":true,"show_publish_date":true,"show_comment_count":true}},"1482275590235":{"type":"newsletter","settings":{"title":"Newsletter","signup_message":"<p>Enter your email address below to join our mailing list and have our latest news and member-only deals delivered straight to your inbox.<\/p>"}},"1482276648998":{"type":"social-icons","settings":{"title":"Social Links","icon_size":24}}},"block_order":["1482275547080","1482275566756","1482275590235","1482276648998"],"settings":{"menu":"footer","show_payment_icons":true}},"collection-template":{"type":"collection-template","settings":{"products_per_row":4,"product_rows":6,"enable_sorting":true,"enable_tag_filtering":true,"show_collection_image":true,"show_vendor":false,"show_price":true,"show_compare_at_price":true,"show_from":true,"show_add_to_cart_button":true,"show_sale_sticker":true,"bg_details_color":"#ffffff"}},"product-template":{"type":"product-template","settings":{"col_one_size_large":"6","show_vendor":true,"show_price":true,"show_compare_at_price":true,"show_variant_selectors":true,"show_qty_selector":true,"show_qty_available":false,"show_add_to_cart_button":true,"enable_payment_button":false,"show_sku":true,"show_tags":true,"show_social_sharing_buttons":true,"show_sale_sticker":true,"enable_image_zoom":true,"enable_backorder_notice":true,"enable_sticky_cart_mobile":true,"enable_sticky_cart_desktop":true,"sticky_cart_position":"bottom"}},"blog-template":{"type":"blog-template","settings":{"show_tag_filter":true,"show_author":true,"show_publish_date":true,"show_comment_count":true,"show_article_link":true,"show_tags":true}},"article-template":{"type":"article-template","settings":{"show_author":true,"show_publish_date":true,"show_comment_count":true,"show_tags":true,"show_social_sharing_buttons":true,"show_article_nav":true}},"cart-template":{"type":"cart-template","settings":{"enable_cart_notes":true,"cart_page_content":""}},"password-template":{"type":"password-template","settings":{"enable_signup":true,"show_social_sharing_buttons":true,"logo":"","logo_max_width":"250"}},"sidebar":{"type":"sidebar","blocks":{"1482276544417":{"type":"search","settings":{"title":""}},"1482276563330":{"type":"separator","settings":{"margin_top":"margin-top","margin_bottom":"margin-bottom","show_line":true,"line_color":"","width":"wide","line_thickness":"1"}},"1482104336265":{"type":"text","settings":{"title":"Heading","text":"<p>Use this text to share information about your brand with your customers. Describe a product, share announcements, or welcome customers to your store.<\/p>","color":""}},"1482276147786":{"type":"separator","settings":{"margin_top":"margin-top","margin_bottom":"margin-bottom","show_line":true,"line_color":"","width":"wide","line_thickness":"1"}},"1482092148488":{"type":"newsletter","settings":{"title":"Newsletter","signup_message":"<p>Enter your email address below to join our mailing list and have our latest news and member-only deals delivered straight to your inbox.<\/p>"}},"1482276151622":{"type":"separator","settings":{"margin_top":"margin-top","margin_bottom":"margin-bottom","show_line":true,"line_color":"","width":"wide","line_thickness":"1"}},"1482172460414":{"type":"collection","settings":{"title":"Top Product","collection":"frontpage","product_limit":1,"show_vendor":false,"show_price":true,"show_compare_at_price":true,"show_add_to_cart_button":true,"show_sale_sticker":true}},"1482284215343":{"type":"separator","settings":{"margin_top":"margin-top","margin_bottom":"margin-bottom","show_line":true,"line_color":"","width":"wide","line_thickness":"1"}},"1482284200978":{"type":"navigation","settings":{"title":"Links","menu":"main-menu","levels":"1","close_inactive":false}}},"block_order":["1482276544417","1482276563330","1482104336265","1482276147786","1482092148488","1482276151622","1482172460414","1482284215343","1482284200978"],"settings":{}},"1482274088656":{"type":"separator","settings":{"margin_top":"no-margin-top","margin_bottom":"margin-bottom-50","show_line":false,"line_color":"","width":"full","line_thickness":"1px"}},"1482274146030":{"type":"collection","settings":{"title":"","width":"column-max","collection":"","products_per_row":4,"product_rows":1,"show_vendor":false,"show_price":true,"show_compare_at_price":true,"show_add_to_cart_button":true,"show_sale_sticker":true,"bg_details_color":"#ffffff"}},"1482283058043":{"type":"separator","settings":{"margin_top":"margin-top-50","margin_bottom":"margin-bottom","show_line":false,"line_color":"","width":"","line_thickness":"1px"}},"1509040982344":{"type":"images-with-text","blocks":{"1509040982344-0":{"type":"image","settings":{"bg_color":"#ffffff","overlay_line_color":"#393e42","image":"","link_url":"","show_text_overlay":true,"overlay_bg_opacity":0,"overlay_separator_line_width":"10%","overlay_line_1_text":"YOUR","overlay_line_1_font_size":16,"overlay_line_2_text":"FEATURED","overlay_line_2_font_size":35,"overlay_line_3_text":"TEXT","overlay_line_3_font_size":16,"button_1_text":""}},"1509040982344-1":{"type":"image","settings":{"bg_color":"#ffffff","overlay_line_color":"#393e42","image":"","link_url":"","show_text_overlay":true,"overlay_bg_opacity":0,"overlay_separator_line_width":"10%","overlay_line_1_text":"YOUR","overlay_line_1_font_size":16,"overlay_line_2_text":"FEATURED","overlay_line_2_font_size":35,"overlay_line_3_text":"TEXT","overlay_line_3_font_size":16,"button_1_text":""}},"1509040982344-2":{"type":"image","settings":{"bg_color":"#ffffff","overlay_line_color":"#393e42","image":"","link_url":"","show_text_overlay":true,"overlay_bg_opacity":0,"overlay_separator_line_width":"10%","overlay_line_1_text":"YOUR","overlay_line_1_font_size":16,"overlay_line_2_text":"FEATURED","overlay_line_2_font_size":35,"overlay_line_3_text":"TEXT","overlay_line_3_font_size":16,"button_1_text":""}}},"block_order":["1509040982344-0","1509040982344-1","1509040982344-2"],"settings":{"title":"","width":"column-max","height":250,"images_per_row_large":3,"overlay_font":""}},"1509040989735":{"type":"slideshow","blocks":{"1509040989735-0":{"type":"slide","settings":{"bg_color":"#ffffff","image":"","link_url":"","show_text_overlay":true,"overlay_bg_opacity":0,"overlay_separator_line_width":"10%","overlay_line_1_text":"YOUR","overlay_line_1_font":"","overlay_line_1_font_size":16,"overlay_line_1_color":"#94999e","overlay_line_2_text":"FEATURED","overlay_line_2_font":"","overlay_line_2_font_size":37,"overlay_line_2_color":"#393e42","overlay_line_3_text":"TEXT","overlay_line_3_font":"","overlay_line_3_font_size":16,"overlay_line_3_color":"#94999e","button_1_text":"Call to Action"}},"1509040989735-1":{"type":"slide","settings":{"bg_color":"#ffffff","image":"","link_url":"","show_text_overlay":true,"overlay_bg_opacity":0,"overlay_separator_line_width":"10%","overlay_line_1_text":"YOUR","overlay_line_1_font":"","overlay_line_1_font_size":16,"overlay_line_1_color":"#94999e","overlay_line_2_text":"FEATURED","overlay_line_2_font":"","overlay_line_2_font_size":37,"overlay_line_2_color":"#393e42","overlay_line_3_text":"TEXT","overlay_line_3_font":"","overlay_line_3_font_size":16,"overlay_line_3_color":"#94999e","button_1_text":""}},"1509040989735-2":{"type":"slide","settings":{"bg_color":"#ffffff","image":"","link_url":"","show_text_overlay":true,"overlay_bg_opacity":0,"overlay_separator_line_width":"10%","overlay_line_1_text":"YOUR","overlay_line_1_font":"","overlay_line_1_font_size":16,"overlay_line_1_color":"#94999e","overlay_line_2_text":"FEATURED","overlay_line_2_font":"","overlay_line_2_font_size":37,"overlay_line_2_color":"#393e42","overlay_line_3_text":"TEXT","overlay_line_3_font":"","overlay_line_3_font_size":16,"overlay_line_3_color":"#94999e","button_1_text":""}}},"block_order":["1509040989735-0","1509040989735-1","1509040989735-2"],"settings":{"width":"column-max","height":450,"autoplay":true,"autoplay_rate":5,"show_page_dots":true,"show_prev_next_buttons":true}},"1518467868231":{"type":"separator","settings":{"margin_top":"no-margin-top","margin_bottom":"margin-bottom","show_line":false,"line_color":"","width":"medium","line_thickness":"1px"}}},"content_for_index":["1518467868231","1509040989735","1482274088656","1509040982344","1482283058043","1482274146030"]}}}