[
  {
    "name": "theme_info",
    "theme_name": "Focal",
    "theme_author": "Maestrooo",
    "theme_version": "7.6.1",
    "theme_documentation_url": "http://support.maestrooo.com/",
    "theme_support_email": "shopify-support@maestrooo.com"
  },
  {
    "name": "Colors",
    "settings": [
      {
        "type": "header",
        "content": "General"
      },
      {
        "type": "color",
        "id": "background",
        "label": "Background",
        "default": "#ffffff"
      },
      {
        "type": "color",
        "id": "heading_color",
        "label": "Heading",
        "default": "#000000"
      },
      {
        "type": "color",
        "id": "text_color",
        "label": "Body text",
        "default": "#000000"
      },
      {
        "type": "color",
        "id": "accent_color",
        "label": "Links and accents",
        "default": "#a5a5a5"
      },
      {
        "type": "color",
        "id": "border_color",
        "label": "Borders",
        "default": "#f5f5f5"
      },
      {
        "type": "header",
        "content": "Buttons"
      },
      {
        "type": "color",
        "id": "primary_button_color",
        "label": "Primary text",
        "default": "#ffffff"
      },
      {
        "type": "color",
        "id": "primary_button_background",
        "label": "Primary background",
        "default": "#000000"
      },
      {
        "type": "color",
        "id": "secondary_button_color",
        "label": "Secondary text",
        "default": "#ffffff"
      },
      {
        "type": "color",
        "id": "secondary_button_background",
        "label": "Secondary background",
        "default": "#000000"
      },
      {
        "type": "header",
        "content": "Popup"
      },
      {
        "type": "color",
        "id": "popup_color",
        "label": "Text",
        "default": "#000000"
      },
      {
        "type": "header",
        "content": "Header"
      },
      {
        "type": "color",
        "id": "header_text_color",
        "label": "Text",
        "default": "#ffffff"
      },
      {
        "type": "color",
        "id": "header_background",
        "label": "Background",
        "default": "#000000"
      },
      {
        "type": "header",
        "content": "Footer"
      },
      {
        "type": "color",
        "id": "footer_background",
        "label": "Background",
        "default": "#000000"
      },
      {
        "type": "color",
        "id": "footer_border_color",
        "label": "Border",
        "default": "#ffffff"
      },
      {
        "type": "color",
        "id": "footer_title_color",
        "label": "Title",
        "default": "#ffffff"
      },
      {
        "type": "color",
        "id": "footer_text_color",
        "label": "Text",
        "default": "#ffffff"
      },
      {
        "type": "header",
        "content": "Slideshow"
      },
      {
        "type": "color",
        "id": "slideshow_heading_color",
        "label": "Heading",
        "default": "#ffffff"
      },
      {
        "type": "color",
        "id": "slideshow_subheading_color",
        "label": "Subheading",
        "default": "#ffffff"
      },
      {
        "type": "color",
        "id": "slideshow_button_color",
        "label": "Button color",
        "default": "#ffffff"
      },
      {
        "type": "color",
        "id": "slideshow_button_background",
        "label": "Button background",
        "default": "#ffffff"
      },
      {
        "type": "header",
        "content": "Collection page"
      },
      {
        "type": "color",
        "id": "collection_description_color",
        "label": "Description color",
        "default": "#ffffff"
      },
      {
        "type": "color",
        "id": "collection_description_background",
        "label": "Description background",
        "default": "#000000"
      },
      {
        "type": "header",
        "content": "Product page"
      },
      {
        "type": "color",
        "id": "product_sold_out_background",
        "label": "Sold out label background",
        "default": "#000000"
      },
      {
        "type": "color",
        "id": "product_on_sale_background",
        "label": "On sale label background",
        "default": "#000000"
      },
      {
        "type": "color",
        "id": "product_related_products_background",
        "label": "Related products background",
        "default": "#000000"
      }
    ]
  },
  {
    "name": "Typography",
    "settings": [
      {
        "type": "header",
        "content": "Headings"
      },
      {
        "type": "font_picker",
        "id": "heading_font",
        "label": "Font",
        "default": "helvetica_n4"
      },
      {
        "type": "header",
        "content": "Body text"
      },
      {
        "type": "font_picker",
        "id": "text_font",
        "label": "Font",
        "default": "helvetica_n4"
      },
      {
        "type": "header",
        "content": "Footer"
      },
      {
        "type": "select",
        "id": "footer_font_factor",
        "label": "Text size",
        "options": [
          {
            "value": "1",
            "label": "Small"
          },
          {
            "value": "1.1",
            "label": "Normal"
          },
          {
            "value": "1.2",
            "label": "Big"
          }
        ],
        "default": "1"
      },
      {
        "type": "header",
        "content": "Slideshow (home page)"
      },
      {
        "type": "font_picker",
        "id": "slideshow_heading_font",
        "label": "Heading font",
        "default": "helvetica_n4"
      },
      {
        "type": "select",
        "id": "slideshow_heading_font_factor",
        "label": "Heading size",
        "options": [
          {
            "value": "0.6",
            "label": "Small"
          },
          {
            "value": "0.8",
            "label": "Normal"
          },
          {
            "value": "1",
            "label": "Big"
          }
        ],
        "default": "1"
      },
      {
        "type": "font_picker",
        "id": "slideshow_subheading_font",
        "label": "Subheading font",
        "default": "helvetica_n4"
      },
      {
        "type": "select",
        "id": "slideshow_subheading_font_factor",
        "label": "Subheading size",
        "options": [
          {
            "value": "1",
            "label": "Small"
          },
          {
            "value": "1.1",
            "label": "Normal"
          },
          {
            "value": "1.2",
            "label": "Big"
          }
        ],
        "default": "1"
      }
    ]
  },
  {
    "name": "Popup",
    "icon": "promotions",
    "settings": [
      {
        "type": "checkbox",
        "id": "marketing_popup_enabled",
        "label": "Enable",
        "info": "[Learn more about why promotion popup does not display on mobile](http://support.maestrooo.com/article/116-why-promotion-popup-does-not-show-up-on-mobile)",
        "default": false
      },
      {
        "type": "text",
        "id": "marketing_popup_title",
        "label": "Heading",
        "default": "Promotion popup"
      },
      {
        "type": "richtext",
        "id": "marketing_popup_content",
        "label": "Text",
        "default": "<p>You can use this popup to display some useful information to your customers.</p>"
      },
      {
        "type": "checkbox",
        "id": "marketing_popup_show_newsletter",
        "label": "Show newsletter form"
      },
      {
        "type": "image_picker",
        "id": "marketing_popup_image",
        "label": "Image",
        "info": "600 x 400px .jpg recommended"
      },
      {
        "type": "range",
        "id": "marketing_popup_delay",
        "min": 0,
        "max": 15,
        "step": 1,
        "unit": "sec",
        "label": "Delay until the popup appears",
        "default": 5
      },
      {
        "type": "checkbox",
        "id": "marketing_popup_only_on_index",
        "label": "Only activate on home page",
        "default": true
      },
      {
        "type": "checkbox",
        "id": "marketing_popup_only_visitors",
        "label": "Only activate for visitors",
        "info": "Customers who have created an account on your shop won't see it.",
        "default": true
      },
      {
        "type": "select",
        "id": "marketing_popup_remember_me",
        "label": "Number of weeks before the popup re-appears for the user",
        "options": [
          {
            "value": "0",
            "label": "No delay (debug)"
          },
          {
            "value": "7",
            "label": "1 week"
          },
          {
            "value": "14",
            "label": "2 weeks"
          }
        ],
        "default": "7"
      }
    ]
  },
  {
    "name": "Search",
    "settings": [
      {
        "type": "select",
        "id": "search_mode",
        "label": "Search only...",
        "options": [
          {
            "value": "product",
            "label": "Products only"
          },
          {
            "value": "product,page",
            "label": "Products and pages"
          },
          {
            "value": "product,article",
            "label": "Products and articles"
          },
          {
            "value": "product,article,page",
            "label": "Products, articles and pages"
          }
        ],
        "default": "product"
      }
    ]
  },
  {
    "name": "Social media",
    "settings": [
      {
        "type": "header",
        "content": "Accounts"
      },
      {
        "type": "text",
        "id": "social_facebook",
        "info": "https://www.facebook.com/shopify",
        "label": "Facebook"
      },
      {
        "type": "text",
        "id": "social_twitter",
        "info": "https://twitter.com/shopify",
        "label": "Twitter"
      },
      {
        "type": "text",
        "id": "social_google_plus",
        "info": "https://plus.google.com/+shopify",
        "label": "Google Plus"
      },
      {
        "type": "text",
        "id": "social_pinterest",
        "info": "https://www.pinterest.com/shopify",
        "label": "Pinterest"
      },
      {
        "type": "text",
        "id": "social_instagram",
        "info": "https://instagram.com/shopify",
        "label": "Instagram"
      },
      {
        "type": "text",
        "id": "social_vimeo",
        "info": "https://vimeo.com/shopify",
        "label": "Vimeo"
      },
      {
        "type": "text",
        "id": "social_tumblr",
        "info": "http://shopify.tumblr.com",
        "label": "Tumblr"
      },
      {
        "type": "text",
        "id": "social_youtube",
        "info": "https://www.youtube.com/user/shopify",
        "label": "YouTube"
      },
      {
        "type": "text",
        "id": "social_fancy",
        "info": "http://fancy.com/Shopify",
        "label": "Fancy"
      }
    ]
  },
  {
    "name": "Favicon",
    "settings": [
      {
        "type": "image_picker",
        "id": "favicon",
        "label": "Image",
        "info": "32 x 32px .png recommended"
      }
    ]
  }
]