{"current":{"background":"#ffffff","heading_color":"#b60606","text_color":"#000414","accent_color":"#000000","border_color":"#e4e4e4","primary_button_color":"#ffffff","primary_button_background":"#000000","secondary_button_color":"#ffffff","secondary_button_background":"#3f3f3f","popup_color":"#919191","header_text_color":"#8b1c1c","header_background":"#000414","footer_background":"#000000","footer_border_color":"#282424","footer_title_color":"#b60606","footer_text_color":"#ffffff","slideshow_heading_color":"#ffffff","slideshow_subheading_color":"#ec7067","slideshow_button_color":"#b60606","slideshow_button_background":"#000000","collection_description_color":"#4f4f4f","collection_description_background":"#e8d8d8","product_sold_out_background":"#b60606","product_on_sale_background":"#b60606","product_related_products_background":"#f3f4f4","heading_font":"playfair_display_n7","text_font":"roboto_n4","footer_font_factor":"1","slideshow_heading_font":"playfair_display_n7","slideshow_heading_font_factor":"1","slideshow_subheading_font":"montserrat_n7","slideshow_subheading_font_factor":"1","marketing_popup_enabled":false,"marketing_popup_title":"Promotion popup","marketing_popup_content":"<p>You can use this popup to display some useful information to your customers.<\/p>","marketing_popup_show_newsletter":false,"marketing_popup_image":"","marketing_popup_delay":5,"marketing_popup_only_on_index":true,"marketing_popup_only_visitors":true,"marketing_popup_remember_me":"7","search_mode":"product","social_facebook":"","social_twitter":"","social_google_plus":"","social_pinterest":"","social_instagram":"","social_vimeo":"","social_tumblr":"","social_youtube":"","social_fancy":"","favicon":"","checkout_header_image":"","checkout_logo_image":"","checkout_logo_position":"left","checkout_logo_size":"medium","checkout_body_background_image":"","checkout_body_background_color":"#fff","checkout_input_background_color_mode":"white","checkout_sidebar_background_image":"","checkout_sidebar_background_color":"#fafafa","checkout_heading_font":"-apple-system, BlinkMacSystemFont, 'Segoe UI', Roboto, Helvetica, Arial, sans-serif, 'Apple Color Emoji', 'Segoe UI Emoji', 'Segoe UI Symbol'","checkout_body_font":"-apple-system, BlinkMacSystemFont, 'Segoe UI', Roboto, Helvetica, Arial, sans-serif, 'Apple Color Emoji', 'Segoe UI Emoji', 'Segoe UI Symbol'","checkout_accent_color":"#197bbd","checkout_button_color":"#197bbd","checkout_error_color":"#e32c2b","product_tabs_background":"#000000","sections":{"slideshow":{"type":"slideshow","blocks":{"slideshow-1":{"type":"image","settings":{"image":"shopify:\/\/shop_images\/4d0c57d358f0f2a9.gif","content_position":"left","heading":"","subheading":"","button_text":"SHOP NOW","link":"shopify:\/\/collections"}}},"block_order":["slideshow-1"],"settings":{"separate_from_header":false,"autoplay":false,"animation_type":"slide","cycle_speed":3}},"featured-content":{"type":"home_featured_content","blocks":{"text-0":{"type":"richtext","settings":{"content":"<p>Our products are inspired by the&nbsp;discerning wine connoisseurs and flourishing enthusiasts around the world. High quality, luxury goods designed especially for you.<\/p>"}}},"block_order":["text-0"],"settings":{"title":"WELCOME TO WINE OUT THE CELLAR.","content_position":"center","text_color":"#ffffff","background_color":"#9a160c"}},"header":{"type":"header","settings":{"logo":"shopify:\/\/shop_images\/1589678332079.png","logo_max_width":200,"background_image":"shopify:\/\/shop_images\/IF7V.gif","show_announcement":true,"announcement_color":"#ffffff","announcement_background":"#000414","announcement_text":"FREE STANDARD DELIVERY ON ALL ORDERS!!","announcement_link":"","announcement_show_social":true,"announcement_contact_phone":"1 (833) 236-WINE","announcement_contact_email":"support@WineOutTheCelllar.com","navigation_menu":"main-menu","navigation_position":"right"}},"footer":{"type":"footer","blocks":{"footer-0":{"type":"text","settings":{"custom_content_heading":"CUSTOMER CARE HOURS","custom_content_text":"Monday - Friday : 9am - 8pm EST\nSaturday : 9am - 5pm EST\n\n+ 1 (833) 236-WINE\nsupport@wineoutthecellar.com"}},"footer-1":{"type":"menu","settings":{"menu_linklist":"footer"}},"footer-2":{"type":"newsletter","settings":{"content":"<p>STAY IN THE LOOP<\/p>"}},"1589255522300":{"type":"logo","settings":{"logo":""}}},"block_order":["footer-0","footer-1","footer-2","1589255522300"],"settings":{"show_payment_methods":true,"show_locale_selector":true,"show_currency_selector":true}},"1589254750499":{"type":"home_featured_collections","blocks":{"1589254750499-0":{"type":"collection","settings":{"collection":"wine-cooler"}},"1589254750499-1":{"type":"collection","settings":{"collection":"wine-serving-cart"}},"1589254750499-2":{"type":"collection","settings":{"collection":"wine-dinning"}}},"block_order":["1589254750499-0","1589254750499-1","1589254750499-2"],"settings":{"title":"","grid_items_per_row":3,"text_color":"#000000","background_color":"#ffffff"}},"1589330038905":{"type":"home_featured_products","settings":{"title":"","collection":"wine-products","show_vendor":false,"show_quick_shop":true,"show_payment_button":false,"show_colors":true,"show_alternate_image":true,"grid_items_per_row":2,"text_color":"#000000","background_color":"#ffffff"}},"1589332194806":{"type":"home_featured_content","blocks":{"1589332194806-0":{"type":"richtext","settings":{"content":"<p>Elegant designs and long-lasting durability. Whether you need a exceptional rolling island cart, prestigious living dining or a stand-alone option for hundreds of bottles, we have the perfect products.<\/p>"}}},"block_order":["1589332194806-0"],"settings":{"title":"Combination Refrigerators, Serving Carts and Dining","content_position":"center","text_color":"#000000","background_color":"#ffffff"}},"1589333975372":{"type":"featured-product","settings":{"product":"1500ml-big-decanter-handmade-crystal-red-wine-brandy-champagne-glasses-decanter-bottle-jug-pourer-aerator-for-family-bar-1","show_vendor":false,"show_description":false,"show_inventory":false,"show_color_swatch":true,"show_payment_button":true,"ajax_add_to_cart":true,"enable_video_looping":false}},"1589336956036":{"type":"slideshow","blocks":{"1589336956036-0":{"type":"image","settings":{"image":"shopify:\/\/shop_images\/20200512_222341_0000.png","content_position":"left","heading":"","subheading":"","button_text":"","link":""}}},"block_order":["1589336956036-0"],"settings":{"separate_from_header":false,"autoplay":true,"animation_type":"slide","cycle_speed":5}},"1589339082287":{"type":"home_featured_content","blocks":{"1589339776249":{"type":"richtext","settings":{"content":"<p>A range of gifts for wine lovers, carefully selected by the experts here at Wine Out the Cellar.<\/p>"}}},"block_order":["1589339776249"],"settings":{"title":"Featured Collection","content_position":"center","text_color":"#fdfdfd","background_color":"#000000"}},"list_collections":{"type":"list_collections","settings":{"grid_items_per_row":3}},"collection":{"type":"collection","settings":{"show_vendor":true,"show_quick_shop":true,"show_payment_button":false,"show_colors":true,"show_alternate_image":true,"pagination_mode":"pagination","grid_items_per_row":3,"number_of_rows":3}}},"content_for_index":["slideshow","1589336956036","featured-content","1589333975372","1589332194806","1589254750499","1589339082287","1589330038905"]},"presets":{"Standard":{"background":"#ffffff","heading_color":"#161e26","text_color":"#919191","accent_color":"#1790d3","border_color":"#e4e4e4","primary_button_color":"#ffffff","primary_button_background":"#1790d3","secondary_button_color":"#ffffff","secondary_button_background":"#3f3f3f","popup_color":"#919191","header_text_color":"#ffffff","header_background":"#000414","footer_background":"#282828","footer_border_color":"#505050","footer_title_color":"#f6bb42","footer_text_color":"#6f6f6f","slideshow_heading_color":"#ffffff","slideshow_subheading_color":"#ec7067","slideshow_button_color":"#ec7067","slideshow_button_background":"#ffffff","collection_description_color":"#4f4f4f","collection_description_background":"#e6e6e6","product_sold_out_background":"#e95842","product_on_sale_background":"#e95842","product_tabs_background":"#000000","product_related_products_background":"#f3f4f4","heading_font":"playfair_display_n7","text_font":"roboto_n4","footer_font_factor":"1","slideshow_heading_font":"playfair_display_n7","slideshow_heading_font_factor":"1","slideshow_subheading_font":"montserrat_n7","slideshow_subheading_font_factor":"1","sections":{"slideshow":{"type":"slideshow","blocks":{"slideshow-0":{"type":"image","settings":{}},"slideshow-1":{"type":"image","settings":{}}},"block_order":["slideshow-0","slideshow-1"],"settings":{}},"featured-images":{"type":"home_featured_images","blocks":{"image-0":{"type":"image","settings":{}},"image-1":{"type":"image","settings":{}},"image-2":{"type":"image","settings":{}}},"block_order":["image-0","image-1","image-2"],"settings":{"show_on_mobile":true,"layout":"3"}},"featured-products":{"type":"home_featured_products","settings":{"collection":"frontpage","text_color":"#8a8787","background_color":"#f3f4f4"}},"newsletter":{"type":"home_newsletter","settings":{"text_color":"#ffffff","background_color":"#ada89f","input_background":"#d9d5cc"}},"featured-content":{"type":"home_featured_content","blocks":{"text-0":{"type":"richtext","settings":{}}},"block_order":["text-0"],"settings":{"text_color":"#ffffff","background_color":"#ec7067"}},"featured-collections":{"type":"home_featured_collections","blocks":{"collection-0":{"type":"collection","settings":{}},"collection-1":{"type":"collection","settings":{}},"collection-2":{"type":"collection","settings":{}},"collection-3":{"type":"collection","settings":{}},"collection-4":{"type":"collection","settings":{}},"collection-5":{"type":"collection","settings":{}}},"block_order":["collection-0","collection-1","collection-2","collection-3","collection-4","collection-5"],"settings":{"text_color":"#9f9a91","background_color":"#222222"}},"featured-blog":{"type":"home_featured_blog","settings":{"blog":"news","text_color":"#8a8787","background_color":"#f3f4f4"}}},"content_for_index":["slideshow","featured-images","featured-content","featured-products","newsletter","featured-collections","featured-blog"]},"Black Box":{"background":"#f7f7f7","heading_color":"#6f6f6f","text_color":"#919191","accent_color":"#99cc66","border_color":"#dddddd","primary_button_color":"#ffffff","primary_button_background":"#3cc0df","secondary_button_color":"#ffffff","secondary_button_background":"#31383e","popup_color":"#919191","header_text_color":"#ffffff","header_background":"#31383e","footer_background":"#31383e","footer_border_color":"#626d7a","footer_title_color":"#ffffff","footer_text_color":"#6c7885","slideshow_heading_color":"#ffffff","slideshow_subheading_color":"#3cc0df","slideshow_button_color":"#3cc0df","slideshow_button_background":"#ffffff","collection_description_color":"#ffffff","collection_description_background":"#31383e","product_sold_out_background":"#31383e","product_on_sale_background":"#f15656","product_related_products_background":"#ffffff","heading_font":"lato_n5","text_font":"open_sans_n4","footer_font_factor":"1","slideshow_heading_font":"quicksand_n7","slideshow_heading_font_factor":"1","slideshow_subheading_font":"kalam_n7","slideshow_subheading_font_factor":"1","sections":{"slideshow":{"type":"slideshow","blocks":{"slideshow-0":{"type":"image","settings":{}},"slideshow-1":{"type":"image","settings":{}}},"block_order":["slideshow-0","slideshow-1"],"settings":{}},"featured-images":{"type":"home_featured_images","blocks":{"image-0":{"type":"image","settings":{}},"image-1":{"type":"image","settings":{}},"image-2":{"type":"image","settings":{}}},"block_order":["image-0","image-1","image-2"],"settings":{"show_on_mobile":true,"layout":"3"}},"featured-products":{"type":"home_featured_products","settings":{"collection":"frontpage","text_color":"#ffffff","background_color":"#99cc66"}},"newsletter":{"type":"home_newsletter","settings":{"text_color":"#ffffff","background_color":"#31383e","input_background":"#292f35"}},"featured-content":{"type":"home_featured_content","blocks":{"text-0":{"type":"richtext","settings":{}}},"block_order":["text-0"],"settings":{"text_color":"#ffffff","background_color":"#3cc0df"}},"featured-collections":{"type":"home_featured_collections","blocks":{"collection-0":{"type":"collection","settings":{}},"collection-1":{"type":"collection","settings":{}},"collection-2":{"type":"collection","settings":{}},"collection-3":{"type":"collection","settings":{}},"collection-4":{"type":"collection","settings":{}},"collection-5":{"type":"collection","settings":{}}},"block_order":["collection-0","collection-1","collection-2","collection-3","collection-4","collection-5"],"settings":{"text_color":"#31383e","background_color":"#ffffff"}},"featured-blog":{"type":"home_featured_blog","settings":{"blog":"news","text_color":"#ffffff","background_color":"#31383e"}}},"content_for_index":["slideshow","featured-images","featured-content","featured-products","newsletter","featured-collections","featured-blog"]},"Sea":{"background":"#ffffff","heading_color":"#54d7e3","text_color":"#919191","accent_color":"#54d7e3","border_color":"#e4e4e4","primary_button_color":"#ffffff","primary_button_background":"#54d7e3","secondary_button_color":"#ffffff","secondary_button_background":"#f47735","popup_color":"#919191","header_text_color":"#ffffff","header_background":"#54d7e3","footer_background":"#54d7e3","footer_border_color":"#6ce5f5","footer_title_color":"#ffffff","footer_text_color":"#ffffff","slideshow_heading_color":"#ffffff","slideshow_subheading_color":"#f47735","slideshow_button_color":"#f47735","slideshow_button_background":"#ffffff","collection_description_color":"#ffffff","collection_description_background":"#f47735","product_sold_out_background":"#2c2c2c","product_on_sale_background":"#f47735","product_related_products_background":"#f3f4f4","heading_font":"montserrat_n6","text_font":"montserrat_n4","footer_font_factor":"1","slideshow_heading_font":"playfair_display_n7","slideshow_heading_font_factor":"1","slideshow_subheading_font":"montserrat_n7","slideshow_subheading_font_factor":"1","sections":{"slideshow":{"type":"slideshow","blocks":{"slideshow-0":{"type":"image","settings":{}},"slideshow-1":{"type":"image","settings":{}}},"block_order":["slideshow-0","slideshow-1"],"settings":{}},"featured-images":{"type":"home_featured_images","blocks":{"image-0":{"type":"image","settings":{}},"image-1":{"type":"image","settings":{}},"image-2":{"type":"image","settings":{}}},"block_order":["image-0","image-1","image-2"],"settings":{"show_on_mobile":true,"layout":"3"}},"featured-products":{"type":"home_featured_products","settings":{"collection":"frontpage","text_color":"#54d7e3","background_color":"#ffffff"}},"newsletter":{"type":"home_newsletter","settings":{"text_color":"#ffffff","background_color":"#54d7e3","input_background":"#9cf7ff"}},"featured-content":{"type":"home_featured_content","blocks":{"text-0":{"type":"richtext","settings":{}}},"block_order":["text-0"],"settings":{"text_color":"#ffffff","background_color":"#54d7e3"}},"featured-collections":{"type":"home_featured_collections","blocks":{"collection-0":{"type":"collection","settings":{}},"collection-1":{"type":"collection","settings":{}},"collection-2":{"type":"collection","settings":{}},"collection-3":{"type":"collection","settings":{}},"collection-4":{"type":"collection","settings":{}},"collection-5":{"type":"collection","settings":{}}},"block_order":["collection-0","collection-1","collection-2","collection-3","collection-4","collection-5"],"settings":{"text_color":"#54d7e3","background_color":"#f3f4f4"}},"featured-blog":{"type":"home_featured_blog","settings":{"blog":"news","text_color":"#54d7e3","background_color":"#f3f4f4"}}},"content_for_index":["slideshow","featured-images","featured-content","featured-products","newsletter","featured-collections","featured-blog"]},"Giveat":{"background":"#ffffff","heading_color":"#635443","text_color":"#6f6f6f","accent_color":"#fa5555","border_color":"#dfdfdf","primary_button_color":"#ffffff","primary_button_background":"#fa5555","secondary_button_color":"#ffffff","secondary_button_background":"#ebd7b5","popup_color":"#ffffff","header_text_color":"#ffffff","header_background":"#fa5555","footer_background":"#d2b492","footer_border_color":"#ebd7b5","footer_title_color":"#956229","footer_text_color":"#ffffff","slideshow_heading_color":"#ffffff","slideshow_subheading_color":"#ec7067","slideshow_button_color":"#ec7067","slideshow_button_background":"#ffffff","collection_description_color":"#4f4f4f","collection_description_background":"#e6e6e6","product_sold_out_background":"#e95842","product_on_sale_background":"#e95842","product_related_products_background":"#f3f4f4","heading_font":"dosis_n7","text_font":"roboto_n4","footer_font_factor":"1","slideshow_heading_font":"dosis_n7","slideshow_heading_font_factor":"1","slideshow_subheading_font":"montserrat_n7","slideshow_subheading_font_factor":"1","sections":{"slideshow":{"type":"slideshow","blocks":{"slideshow-0":{"type":"image","settings":{}},"slideshow-1":{"type":"image","settings":{}}},"block_order":["slideshow-0","slideshow-1"],"settings":{}},"featured-images":{"type":"home_featured_images","blocks":{"image-0":{"type":"image","settings":{}},"image-1":{"type":"image","settings":{}},"image-2":{"type":"image","settings":{}}},"block_order":["image-0","image-1","image-2"],"settings":{"show_on_mobile":true,"layout":"3"}},"featured-products":{"type":"home_featured_products","settings":{"collection":"frontpage","text_color":"#8a8787","background_color":"#f3f4f4"}},"newsletter":{"type":"home_newsletter","settings":{"text_color":"#d2b492","background_color":"#635443","input_background":"#a89279"}},"featured-content":{"type":"home_featured_content","blocks":{"text-0":{"type":"richtext","settings":{}}},"block_order":["text-0"],"settings":{"text_color":"#ffffff","background_color":"#ec7067"}},"featured-collections":{"type":"home_featured_collections","blocks":{"collection-0":{"type":"collection","settings":{}},"collection-1":{"type":"collection","settings":{}},"collection-2":{"type":"collection","settings":{}},"collection-3":{"type":"collection","settings":{}},"collection-4":{"type":"collection","settings":{}},"collection-5":{"type":"collection","settings":{}}},"block_order":["collection-0","collection-1","collection-2","collection-3","collection-4","collection-5"],"settings":{"text_color":"#9f9a91","background_color":"#222222"}},"featured-blog":{"type":"home_featured_blog","settings":{"blog":"news","text_color":"#8a8787","background_color":"#f3f4f4"}}},"content_for_index":["slideshow","featured-images","featured-content","featured-products","newsletter","featured-collections","featured-blog"]}}}